{
  "type": "create:crushing",
  "ingredients": [
    {
      "tag": "forge:ores/iron"
    }
  ],
  "results": [
    {
      "item": "create:crushed_iron_ore",
      "count": 2
    },
    {
      "item": "create:crushed_iron_ore",
         "chance": 0.5
    },
    {
      "item": "minecraft:cobblestone",
      "chance": 0.125
    },
    {
      "item": "create:experience_nugget",
      "chance": 0.75
    }
  ],
  "processingTime": 400,
  "conditions": [
    {
      "value": {
        "tag": "forge:ores/iron",
        "type": "forge:tag_empty"
      },
      "type": "forge:not"
    }
  ]
}