{
  "name": "default",
  "prefix": "&8[&7Player&8]",
  "suffix": "",
  "perms": [
    "command.back",
    "command.claim",
    "command.delhome.name",
    "command.home.name",
    "command.homes",
    "serverutils.maxhome_1",
    "serverutils.maxclaims_9",
    "command.kit.claim.kit",
    null,
    "command.msg.players.msg",
    "command.msgtoggle",
    "command.rank.info.rank",
    "command.r.msg",
    "command.rtp",
    "command.rtpnear",
    "command.rtpfar",
    "command.sethome.name",
    "command.spawn",
    "command.tpa.player",
    "command.tpahere.player",
    "command.tpdeny",
    "command.tpaccept",
    "command.unclaim",
    "command.warp.name",
    "command.warps"
  ],
  "parents": [],
  "cmds": [],
  "weight": 0,
  "rank_up": 0,
  "next_ranks": [],
  "rank_up_cost": 0.0,
  "discordIds": {}
}