{
  "version": "1902.6.0-build.140",
  "prevVersion": "none",
  "generatedBy": "536bda8a-66ec-44d8-b81c-b51b9e2b689a",
  "hashes": {
    "Default/fancymenu/assets/buttons/mods.png": "6B413D072E6B50308D7716138779CC2A",
    "Default/drippyloadingscreen/customization/.disabled/splash_screen.dllayout": "4F5C1D30041337C22425CB334376AF29",
    "Default/options.txt": "064087F4771639B7E3E0A418CF9252D3",
    "Default/fancymenu/customizablemenus.txt": "8CD335741F1ACD023A5203836FB9B944",
    "Default/fancymenu/assets/buttons/tumblr.png": "93DD31746D5B108B6103B66F36B99C16",
    "Default/fancymenu/assets/buttons/supporth.png": "39E17352632204FFAB4F01AFE6E02541",
    "Default/fancymenu/assets/background.png": "29FBF041CBF1292611F2885FAF20BF62",
    "Default/servers.dat": "9E146AB26053BFA4F5B891D090721F35",
    "Default/fancymenu/locals/pt_br.local": "9A91316E7C6E61A7A1E0874F34F77482",
    "Default/fancymenu/menu_identifiers.db": "7EA7268DB5D58F0ED6B4FFE8BEC943B9",
    "Default/xaerominimap.txt": "54796E6A182214084105966E54864B65",
    "Default/keys.txt": "75823D97D02E8F0976B1551E1528BB9F",
    "Default/fancymenu/assets/buttons/support.png": "EE6C54A6896ECB27C659C5AF192C2F46",
    "Default/fancymenu/assets/buttons/twitterh.png": "01F1837897634E451077253CA8920151",
    "Default/fancymenu/assets/buttons/accessibilityh.png": "85E34F207A3F10C73DE401BD156F4676",
    "Default/fancymenu/assets/buttons/accessibility.png": "42CAD1B05CE95452F4CFEEF36ED857C1",
    "Default/fancymenu/assets/buttons/mp.png": "D936C0584E7A613B4C12C684915AEC55",
    "Default/bcc-common.toml": "46364798760C7FE43E373A41D6FE36B3",
    "Default/fancymenu/assets/pc.png": "6C11A44218B7DCB69BE62B307CC76038",
    "Default/drippyloadingscreen/config.cfg": "BE628453C681DC8D44C9470BC33E078D",
    "Default/fancymenu/assets/buttons/sp.png": "6EBBA0D8A4A9AFE91DF4597CD5CB4DA5",
    "Default/xaerominimap_entities.json": "A8E62DE84345A7585699FC1CB1C36724",
    "Default/ftbquests/quests/chapters/storage.snbt": "DFAA7DA8AA1B20952E9E1A513B3A392C",
    "Default/fancymenu/assets/buttons/importanth.png": "34D204329A96D8102C03EF350FAE3CB7",
    "Default/ftbquests/quests/chapters/hunter.snbt": "5DB56B62B9252A68E3A56D870632120F",
    "Default/ftbquests/quests/chapters/fromthedarkness.snbt": "9F52E7CECAE38D25E7D3F84EBDD5F360",
    "Default/drippyloadingscreen/customization/.disabled/splash_beta.dllayout": "8F6A2B0B79CF9B564149DE8905D94465",
    "Default/fancymenu/locals/pl_pl.local": "22C68AFAB02C97F21832B904A5E4413C",
    "Default/fancymenu/assets/overlay.png": "B638C49A4FDDFEBBCA6C9B70E1DAF32C",
    "Default/fancymenu/assets/buttons/quith.png": "5BB8E05867693903CDF663EC3EB2771E",
    "Default/drippyloadingscreen/customization/drippy_splash.dllayout": "A343C94D089A8E89C35E03AAEC21348C",
    "Default/fancymenu/user_variables.db": "EEC0F310CAF96DAA823C26B23CDC031A",
    "Default/drippyloadingscreen/locals/en_us.local": "BB4AF6F5185363517A9D02C8EE44BA82",
    "Default/fancymenu/assets/potato.png": "12060EED65CEEB62983A36A3B6CF841F",
    "Default/fancymenu/customization/CoP_Menu.txt": "11624D403EFA417CBD6A8E8C251A9595",
    "Default/fancymenu/assets/buttons/languageh.png": "93ED0FC59B92EF41C5A1062DA40DC706",
    "Default/lightoverlay.properties": "83968361E9651E6CD849AD165FF4B17E",
    "Default/ftbquests/quests/chapters/farmer.snbt": "25720442053937865B5D1A08F3CE19B1",
    "Default/fancymenu/assets/buttons/optionsh.png": "92C33AF90A35532EFE77BEA356BF7007",
    "Default/fancymenu/assets/buttons/language.png": "6A4F26E15267AF9AFB13C53CB15D7229",
    "Default/fancymenu/config.txt": "620B3FF63D605AD013AA7ADA548C1F96",
    "Default/fancymenu/assets/buttons/cf.png": "01A1A688A1C322694B06F08A3F32614D",
    "Default/farmingforblockheads/MarketRegistry.json": "99914B932BD37A50B983C5E7C90AE93B",
    "Default/fancymenu/assets/buttons/options.png": "A96863DB6F19E8DC53DE7A81B5203F6B",
    "Default/fancymenu/assets/buttons/important.png": "2F7A44092D7B4313D1F269F268F43840",
    "Default/fancymenu/assets/buttons/affiliateh.png": "BDD395B9EFCBE2CABCCB6C7B4EF96783",
    "Default/fancymenu/assets/buttons/cfh.png": "BC9C74608EAB9E75B492CA484AAC3040",
    "Default/ftbquests/quests/chapters/create.snbt": "6554D7A556C8848D0EE3677309F1C33A",
    "Default/ftbquests/quests/chapters/armor_tools__weapons.snbt": "22145A1E8EF0C1E1553DD8CAFA874A4C",
    "Default/ftbquests/quests/chapter_groups.snbt": "63832CE1C1742E9421549B11729DD841",
    "Default/fancymenu/locals/en_us.local": "25EF57036038953FB99F5D8F2D194B5E",
    "Default/fancymenu/assets/buttons/twitter.png": "F0FE9134BBBB1D531E1B6A6FB179B984",
    "Default/fancymenu/locals/zh_cn.local": "20A74FBF1560DEF5E5528B78FB30FBFE",
    "Default/quark-common.toml": "F8628FCE6354F027D66B83A1C2D256D7",
    "Default/fancymenu/assets/buttons/discord.png": "628C7E4BFF9BD8DDD5F5C28C8233F7E3",
    "Default/fancymenu/assets/buttons/discordh.png": "71CB4F884B1D0AA2E384CBAA7D3EF4DF",
    "Default/fancymenu/minecraftwindow/icons/icon16x16.png": "A6E2D934C19CD127DC6E8A3AC7686506",
    "Default/fancymenu/assets/splashs.txt": "991E35DB3749CB5DF71FB18758666BF3",
    "Default/fancymenu/assets/buttons/affiliate.png": "80F013F1C11E23817034295E203C31A8",
    "Default/fancymenu/minecraftwindow/icons/icon32x32.png": "837FD9CBF05DD199A4F33B25618D3551",
    "Default/ftbquests/quests/data.snbt": "E3B44FA6C797200136A8B39CBFFE2C1F",
    "Default/create-common.toml": "C1C605B2690F13715E9C7180A6468E81",
    "Default/fancymenu/customization/.disabled/cop_beta.txt": "23F3B434B52FB6B8D7E868879C92D339",
    "Default/NoChatReports/NCR-Client.json": "F33659B957F2288EEDFC2A38D63D6B41",
    "Default/fancymenu/assets/buttons/sph.png": "A818D4C0BD901B3217000E3A8DB466CD",
    "Default/fancymenu/assets/buttons/mph.png": "3F2147760F891F01B76A39686244CEC8",
    "Default/theoneprobe-client.toml": "A3A42FC813EFD3C68CEF4B5AC2C6A34F",
    "Default/theoneprobe-common.toml": "A6BB364E77F01625699F363FFB01B93B",
    "Default/fancymenu/assets/logo.png": "FC1E44F892014D304A81440AFA911509",
    "Default/fancymenu/locals/de_de.local": "F43E602ABC1B3081611A3EE39EFA0BDD",
    "Default/fancymenu/assets/buttons/tumblrh.png": "46A4D696CC67D1CFAFA4C8F3CC49D153",
    "Default/bhmenu-client.toml": "165BDDF18F23445D0553B978662D1902",
    "Default/fancymenu/assets/buttons/quit.png": "AB8EA2D9564BEF29EABA6A5F83FA8D50",
    "Default/fancymenu/assets/buttons/modsh.png": "A57EBA2AE06CC30B1E04B35375220D6C"
  },
  "mainProfile": "Default",
  "initially_created": "18.01.2023 09:43:12"
}