{
    "name": "Easy Emerald Tools & More",
    "icon": "easy_emerald:emerald_hammer",
    "category": "patchouli:mods",
    "pages": [
        {
            "type": "spotlight",
            "title": "Easy Emerald Tools",
            "item": "easy_emerald:emerald_hammer",
            "text": "Provides a standard set of armor, tools, and weapons that are between Iron and Diamond. Also includes AOE Hammers & Excavators.$(li)$(l:https://www.curseforge.com/minecraft/mc-mods/easy-emerald-tools)Curseforge page$(/l) lots of information.$(li)$(l:https://discord.gg/j7bYbkW)Discord$(/l)$()"
        }
    ]
}